               epoch,      train/box_loss,      train/cls_loss,      train/dfl_loss,   metrics/precision,      metrics/recall,     metrics/mAP_0.5,metrics/mAP_0.5:0.95,        val/box_loss,        val/cls_loss,        val/dfl_loss,               x/lr0,               x/lr1,               x/lr2
                   0,              7.6181,              7.8546,              5.5317,                   0,                   0,                   0,                   0,                   0,                   0,                   0,              0.0712,              0.0032,              0.0032
                   1,               6.928,              5.6182,              4.5533,                   0,                   0,                   0,                   0,                   0,                   0,                   0,            0.041436,           0.0064357,           0.0064357
                   2,              5.5033,              3.6791,              4.1033,            0.050593,              0.1654,            0.031073,           0.0069162,                   0,                   0,                   0,            0.011606,            0.009606,            0.009606
                   3,              5.0529,              3.6443,              3.9279,                   0,                   0,                   0,                   0,                   0,                   0,                   0,            0.009703,            0.009703,            0.009703
                   4,              4.9531,              3.5254,              3.8018,                   0,                   0,                   0,                   0,                   0,                   0,                   0,            0.009703,            0.009703,            0.009703
                   5,              4.7513,              3.2405,              3.5058,          0.00011905,           0.0024631,          6.0225e-05,          1.8068e-05,                   0,                   0,                   0,            0.009604,            0.009604,            0.009604
                   6,              4.7527,              3.0942,              3.3333,           0.0082143,             0.17225,            0.005117,          0.00077499,                   0,                   0,                   0,            0.009505,            0.009505,            0.009505
